Id,XGBoostMila,XGBoostGor,Catboost
1461,122757.30093173876,121675.66772142994,129696.10442791178
1462,150104.76214953858,161976.26701012635,156542.372073444
1463,188152.84629399568,187524.1252076147,188521.11529968912
1464,188369.64622464534,186986.39944599383,197198.97662885024
1465,186049.6356599003,187221.33709727388,186054.07077365767
1466,182436.05679093712,176010.87466222758,174922.87637162147
1467,174139.28111744064,175792.29294523044,179626.04107315835
1468,169357.26858660163,168673.69791450995,165798.92982956866
1469,172143.52581410608,185701.1351864957,168881.14506550113
1470,112130.42188875153,127723.10095833646,123719.81575277218
1471,200901.3996825343,203827.0555155323,203366.30341980935
1472,94015.69421410988,88450.09064838408,95413.63712728099
1473,94294.90949914836,101325.94039807204,94747.82876325489
1474,154071.94667551175,150661.73207814,148483.34327693365
1475,133071.4314539778,138329.59145173393,117867.99036642096
1476,391397.4190417077,347229.65204076795,386598.1204774394
1477,267600.9300488026,265279.4465803991,254178.4418225259
1478,306398.8394376857,289929.7260872381,302422.7497840392
1479,274031.9236789995,282548.8168346386,273085.7889349657
1480,481745.5306562125,499752.6449564015,525899.8040617041
1481,330397.20061597764,314200.8245401132,318520.956416322
1482,201085.9783101711,204381.878095544,210668.65874793424
1483,160132.60366190964,168495.28936305514,157032.5213612945
1484,167436.05725655475,166468.2942377208,167705.84978951438
1485,174406.34425420148,175256.22544843805,175383.27172300985
1486,192577.67259109125,196367.30690785192,195645.26928509484
1487,348723.5023945525,332992.0377085116,309876.52318363433
1488,245894.05485258883,223637.9891620069,243328.84696602868
1489,208160.0654916241,212430.74014126023,207535.27176056747
1490,202963.7308370323,201550.0584401468,206540.63107064966
1491,190418.6470554832,189805.53176052333,189756.20250184674
1492,86658.8650241781,93878.811730074,88259.52921976348
1493,195238.91072607026,194159.9149262208,186350.08604807948
1494,298872.7287757898,311302.45782904583,298003.4294841275
1495,292613.1787049978,307464.65385677153,285406.2006517366
1496,221891.75480083414,230192.21049602647,230969.87952610533
1497,177344.91417090362,191121.2158034588,184094.22259936325
1498,157096.19276538992,161746.13719273725,155236.47886380172
1499,152367.43221699813,162653.43076446984,155783.34982766575
1500,145026.3656708451,159452.1089225401,149259.98063698897
1501,166382.60623956172,181039.26306698512,177853.26667191842
1502,158530.2310173981,161836.0740345595,153340.0343941485
1503,292206.9594485133,279433.0266933135,290096.7726138897
1504,233865.75049981952,244216.7714991161,244989.15745775675
1505,221262.21113273338,224509.5106303354,230684.61230066023
1506,180305.02301156157,177993.74008408183,179493.29929667417
1507,210884.3458033027,202725.86443476123,225656.80760633814
1508,189769.38096211737,186427.78383774456,184687.20798483395
1509,170657.22676893187,171160.91588396626,164720.94302368767
1510,152339.0398176096,155115.7596133135,148648.03881476738
1511,145896.4084168469,150307.94994315132,147202.75490671792
1512,164074.51853009418,170547.22111543655,167531.2382110349
1513,149872.09500017532,133414.85585070093,144404.54201305597
1514,179901.6949290729,172553.93932310317,170690.61154957642
1515,192256.2150020858,200363.19115210365,187836.03355044805
1516,169236.60989863117,161358.9059459125,160952.3956119438
1517,148926.74705219537,162660.51346661168,151230.25337171432
1518,121942.81401076792,124321.62920908471,126371.77128634485
1519,218800.65891677904,218565.86352444143,231843.48631545628
1520,135261.98401477063,141961.0604185365,133792.21414138243
1521,139984.75632523646,143652.4778664635,141617.66232275384
1522,163881.59608209334,164774.4004548579,170509.11729025413
1523,109529.21278405625,104356.26812957364,106239.16987601697
1524,131512.7463444902,129652.36792351028,124540.92369486933
1525,125195.89411367418,128188.55376513206,127213.19608174721
1526,127476.73901659137,109819.0068890205,125082.21369245164
1527,103225.2124725452,103643.54186749694,113169.82680567288
1528,136499.87208885833,129605.44114290152,142673.53296747114
1529,144516.87090257136,143617.8487436929,140844.47091834244
1530,180825.02655360935,178451.93710458328,164979.24480034434
1531,103344.81589668065,113671.06638465516,116441.73649379936
1532,104211.41324662996,96110.59967390764,100034.88189467552
1533,136767.05433790848,133209.2852490497,125999.56057561918
1534,113570.12398914946,117283.98722605022,114625.91425505708
1535,163490.21608188047,155676.77173487205,158081.0351341237
1536,117517.16283761816,110738.35317995882,110000.99974908525
1537,68656.57723614904,63712.61370874809,78622.18654373301
1538,181318.32694252272,163131.0827959648,157848.17285815201
1539,196967.75340309812,218122.02259998195,187199.98080684064
1540,86784.34102625358,91366.33808048166,93015.61146181017
1541,149933.4390551291,139802.0299909746,144257.87762668196
1542,142744.93472897715,140706.60961431707,142498.95187104432
1543,243777.2087983083,217829.76643514907,211504.52376421733
1544,79333.81286766278,74548.87269892443,77365.16056074708
1545,108036.85066267161,108660.81367106912,110841.65057158109
1546,134604.17363345472,132868.24702612052,127964.27947313922
1547,141172.70133385377,150981.3291239507,138333.38297346007
1548,133974.60721639404,133706.93357206823,133521.06550581194
1549,119929.0980602798,117773.02565870604,121682.16980850825
1550,143756.05063045578,142501.17014737218,136057.31370118263
1551,112301.65916560682,102545.64515030874,113826.09060048217
1552,122390.61588021224,126303.88320452697,132235.2697606649
1553,142014.31895698007,150766.5124734634,133837.52264429687
1554,107675.86740223928,113196.6256981172,106125.38952753555
1555,192330.11289122805,183096.01955688267,185625.24849668314
1556,75402.5223361879,71432.24689773745,89037.02249823182
1557,104088.78176391203,113534.43090874005,104681.87017424883
1558,85548.1126897977,91507.6321470917,86571.5224656769
1559,79286.59925987445,58153.43741479805,79756.77730976911
1560,143778.23865508832,131433.59747085872,148873.43273077812
1561,132510.17431663477,126852.97958272208,128046.58757947964
1562,121647.91409576092,124668.76476224729,126238.98557857003
1563,116883.36622859265,113326.3188887224,120438.86390578533
1564,143842.79178777424,167913.30475347798,161797.6307796198
1565,138845.7075027257,139423.34374452947,141085.85294722227
1566,229357.44123984163,223534.50930864707,262583.37559214997
1567,71364.287575773,72957.6308347936,73330.21017108962
1568,218424.4421501782,207076.48913524504,216414.56004738016
1569,133627.12112947245,137167.20804134663,132314.33937096276
1570,137084.21413621283,136859.59553751783,142141.15531810088
1571,134253.51744844974,127897.004410832,135306.47992422362
1572,150357.67247397394,149005.96386682653,149541.71910774408
1573,239168.9219682278,246498.791202651,263511.2662757015
1574,99392.44982585733,108830.76950558524,94580.79428144063
1575,203497.24172303075,200832.13844967785,201878.43911338405
1576,225631.2513445386,222278.28142274063,228494.5103194349
1577,194853.17770645235,199140.35310062888,194955.34055418163
1578,146258.6073681035,141163.38285735744,141296.69774205794
1579,140936.6242396956,145443.75892360575,151677.12126343313
1580,193920.6539254446,189899.22697228444,200974.63706353743
1581,147243.54592376217,139568.73360247342,149146.66918664976
1582,128015.25592506917,132985.6293647222,126929.36137824971
1583,336085.7943554432,341970.99416407186,318066.1217005753
1584,233548.58437010675,234442.25645698627,228732.46909634196
1585,141032.93525365888,141920.33281329347,141222.24905027504
1586,71417.72066664151,75219.75500271883,71817.39506853516
1587,110833.34679999019,108302.53223694317,108168.37274753029
1588,145655.31311499915,148961.51101014917,148653.39318780578
1589,89565.53460641325,90734.44878438808,98454.6204036814
1590,131834.87884630126,136559.29282712776,129174.63757915789
1591,104583.90484992026,101011.3221523175,90769.39984010832
1592,110702.58266660591,119422.33925832504,117242.874039743
1593,115455.72482739839,125654.5131313948,116149.71731378497
1594,131211.1970570605,128693.64416770576,152048.00294055356
1595,104897.11930375975,94985.40134410272,104730.14936933004
1596,240100.09433564372,237748.1553170416,230939.81514999113
1597,192687.3319179925,168004.81437352925,190364.3443225264
1598,184182.90039024802,192846.18681796672,205519.97536544077
1599,175917.52880437294,180829.31349252543,177013.7905681773
1600,165518.41551612873,196865.82566758717,166709.74010309388
1601,63523.02717486323,82400.03174715795,71107.43804185999
1602,107285.46444730362,121636.187541867,108348.84118225976
1603,84362.93723153445,67715.5198236918,87211.9649528838
1604,273191.0672159743,253619.01105452576,263844.5746579301
1605,240341.28653118064,256164.4021055629,246590.50684621025
1606,168654.2200442359,165229.46607657784,170399.82627191674
1607,149757.0612115123,160680.8804217116,153210.47452028104
1608,221409.18354043813,211408.68270703524,218569.74494013464
1609,192102.0674667497,196760.18153154684,192121.13548794665
1610,164743.0693541827,162235.76103909177,160433.85776970285
1611,137672.2584763534,135322.55837058116,140243.78111597188
1612,164364.2641365179,161667.23285335294,159988.3135508079
1613,152956.35935850244,152537.08859133013,156434.76958473367
1614,113150.8570982352,115452.14323430348,121896.24155942367
1615,82359.69302672366,85577.84153714444,84659.44431767231
1616,66997.8109358907,71704.62649199185,68421.09785431935
1617,87823.5049510543,92748.47720446109,87759.68135882543
1618,125295.56344041026,127066.18158037224,125170.27079583445
1619,136994.74392029754,135036.7933810222,135661.88822427345
1620,136573.63458497747,129355.04552136382,143952.1010864641
1621,134909.66769470923,132435.54016282444,137168.21331716486
1622,141158.77792485929,144561.20938195378,143002.48297165
1623,279064.92180476396,254083.44432902304,257661.8192517078
1624,208633.18814695766,199554.96110354023,205591.39702978777
1625,126807.30194925163,124018.09435779403,123475.24282726682
1626,169836.6720229535,171750.66022541933,164025.679480719
1627,192120.2664450065,194285.29022417843,191167.5898242517
1628,276199.38951443724,272511.5597085211,284827.31832215906
1629,184371.15581435183,180837.94896309805,190530.3347344975
1630,368654.3324661736,391753.942275111,340633.03181009454
1631,218947.84227479977,217935.32073475065,228758.730615657
1632,244342.76400674495,254630.00527939963,244741.80096260784
1633,168323.78530377735,168582.13476076705,173365.7747133378
1634,184341.0785963855,187539.01847722573,184770.72473724288
1635,179055.327638438,183195.43123609584,178213.78141777104
1636,144759.80919614577,152378.77613536603,146505.30517594022
1637,170213.91098336197,168099.75251489936,178160.6336724156
1638,210650.85459649834,189281.7364465745,213064.37202381005
1639,186248.52606463715,182571.7820070192,186406.55063002248
1640,272366.4837407399,251621.69376068836,270327.41590143874
1641,187695.7285734128,191334.52691463789,180162.84504932284
1642,220966.43006354495,222772.13226731084,221954.65599896654
1643,221302.7139512184,233449.2744074328,229931.60146965884
1644,222727.06176534022,233519.8315626994,236941.5673137908
1645,168334.4144565062,192170.8338712186,182616.91412642752
1646,150275.74516302074,154407.8464479607,155265.6610747408
1647,160527.74356641102,173148.22375303702,156189.3442141556
1648,129990.08450000496,127404.9836283702,126563.54093655419
1649,132267.6005139702,135072.31185098534,131187.4787374545
1650,119912.14578517612,110332.1538286677,123538.39680312201
1651,127107.86287127966,122097.73342707336,123261.26203453864
1652,94885.89741825209,100781.30983406104,93076.1216265301
1653,92381.73755027735,98147.2689375434,97198.74595245495
1654,151939.20403162923,156690.9615336384,148225.8161366325
1655,150678.0529734502,154394.81811718614,148591.97720634146
1656,148141.81684088986,147325.714663761,138481.88010768965
1657,149944.861504537,147364.5969455217,145904.47057542397
1658,148727.62657739577,155150.360404817,144323.77585670733
1659,140520.9237765963,146407.75950930273,127594.65042628125
1660,161628.43978447962,159398.94045995755,161345.72956270853
1661,480186.2276106484,429216.4632181089,491323.7299320398
1662,417549.2452413552,368937.9681997013,418946.84206095984
1663,409594.2862140055,385217.10103060206,425357.22012606385
1664,371266.9450266545,453721.9503270649,448155.95366108953
1665,329142.9794621027,284423.53880441963,325821.4867798657
1666,319954.34632293443,305671.6607931674,344340.12353028305
1667,395362.8118207207,358770.6416009795,369281.06683960505
1668,354306.559096681,319172.99809482443,343809.8215907196
1669,312409.898814047,283920.7265973501,290494.68618387304
1670,368263.75263740006,296598.5393276272,365272.36871399765
1671,270258.49659883854,278027.66777937004,271310.6802243581
1672,487653.0160878783,452062.6497522132,460268.54932219256
1673,311848.50823867146,296596.8775237713,296285.9751846103
1674,258063.2230351129,256893.96396648625,258867.37270028167
1675,187424.00033163716,190358.97704344505,186681.40193901872
1676,186946.16211106547,191444.0429880928,186114.86835230456
1677,217501.85279279653,216110.64386245087,218990.35551784953
1678,444842.039091693,436009.34771239455,425250.6272180985
1679,367642.5476314811,381508.2917169403,361661.9816678865
1680,322515.81300372427,328945.13334543497,336966.2208396822
1681,250073.79525272766,247951.93105625996,257421.72488618986
1682,290565.9992828629,298927.7279690462,311854.4864776947
1683,180277.92772721485,175306.2853561305,181631.80030834908
1684,171725.01587788545,169628.95156604864,172919.9869190581
1685,172255.05851492228,177359.38777225305,171182.14428318382
1686,165983.91583777,170228.8041638328,170107.66320336773
1687,168454.31757717844,164844.90743372677,167391.900550291
1688,179467.74552323163,181244.4163416346,186818.49571290953
1689,185118.37585178827,183422.47147501013,193047.87766934646
1690,189452.89620799234,188384.92679206232,194501.59878971864
1691,176112.97776606088,178787.7772878681,175529.80005751565
1692,276376.6833705438,276318.9512017301,269525.48328701255
1693,173724.69149031938,167744.73634833613,172632.79100689822
1694,181768.037148134,185340.7001856474,184579.73060078776
1695,166850.21784272717,163185.35822539174,166657.79541271023
1696,271272.37909255817,260296.6828254325,272282.9313690883
1697,176561.72005080545,168021.9320285968,178404.9560686852
1698,377460.7357537699,363525.1778732994,375333.2493297157
1699,319396.0003159098,365088.789233512,304120.15320740367
1700,234736.42283668212,252251.72443653905,232736.09336115685
1701,250132.36755977274,276119.35377917055,270511.97583327483
1702,263795.41123291216,248470.9854962747,254555.97533394274
1703,265353.6108101946,265543.2329788099,267228.7790582346
1704,317700.79643402266,284471.259755558,296714.71283897903
1705,223568.50200709573,211797.6213232624,233911.01237009052
1706,485909.42562191235,457178.8708935977,461705.92958097666
1707,214433.49650488477,222610.11646984925,218020.61596088522
1708,218632.3889786711,212334.77917081927,217663.26516395077
1709,312012.77589580516,245629.11219984057,296507.30697094376
1710,227370.97032739327,227880.7210805302,225642.53586829366
1711,261759.88301630254,263229.8966675586,266651.0138466196
1712,284321.344186224,255860.4090194522,282188.3595256845
1713,264735.2474095998,252026.15119824355,274441.63034371054
1714,216277.7144376582,214633.92712828095,228029.16343498105
1715,201600.4126358761,206195.8094471613,205006.429745426
1716,200100.07281021352,184485.46662976895,200580.61494093336
1717,177630.60056294568,169624.5578438851,176490.43056335865
1718,118724.59081276879,131368.5936408568,122612.55186909408
1719,195416.5789792569,192711.68712706276,195205.15870895147
1720,255083.85958179133,266187.79751962,239828.0884355241
1721,165858.38162989184,159961.63812885675,168689.70511750082
1722,109390.74876882625,125617.03187644597,109481.79581889734
1723,155090.46194031855,152432.36141954173,151609.22103493457
1724,219462.69550466115,215614.11489382223,211477.12822156298
1725,242996.17811665687,237965.0806591733,233836.53158221318
1726,181408.76149500674,200087.1125616677,177775.36085970793
1727,154543.3450429398,172221.66887380244,152025.10316426287
1728,182855.29657786817,181834.4269061208,181416.5357238712
1729,163532.3104481065,168624.4110010379,159548.16043345188
1730,168897.8426927284,147553.3055679175,173782.1099355183
1731,123622.38380114165,124269.40213439411,114738.55833777752
1732,131108.41494898533,126784.78341748667,136758.31430502582
1733,118713.29048983859,116302.87392444973,120211.56114643147
1734,125666.75305805827,125857.38255421112,124174.02904011033
1735,133686.91042542827,132176.37868583365,135426.25657173552
1736,116196.16108273712,116809.58062235014,117603.17838396196
1737,360498.24951572524,386459.98942028696,351847.74349135504
1738,207372.36933452325,227838.54064262385,218982.2772124767
1739,269996.66524088464,268635.1192090287,275222.8543863164
1740,202754.31508034567,211688.88660890103,212714.5520533137
1741,201523.6626939377,179486.5110173501,197314.80099295478
1742,163252.20113696612,172675.0363758293,169786.81942604625
1743,169749.73093127244,181685.33181029465,170437.22841814987
1744,330224.6000099335,322868.4401298232,307193.68608346523
1745,210213.11619542338,205118.49986625765,205241.1511836454
1746,233829.93014111702,203575.7377138177,219387.77070323154
1747,210456.02691504353,226917.42742808207,222475.50260880042
1748,216166.73924089284,214684.40657312045,218436.8558812488
1749,152274.08520816627,156472.7217766109,152469.58842400153
1750,133739.6837620716,123894.59057658122,136356.88350128007
1751,238772.87566191412,253016.11713773813,243089.4367355905
1752,122040.81721981746,127438.05682960198,124748.3877740151
1753,130600.0860983309,132759.8274975409,135515.80501996793
1754,200182.4697974741,185996.6835902336,200391.6443074594
1755,162478.46492307913,174112.09650775403,165900.41349842036
1756,128156.72796121894,129501.34622520288,128815.05903445657
1757,119823.94993126951,125080.95460671,117099.72393168374
1758,140205.69862708918,149454.75342125827,150097.53945666426
1759,180369.34082149586,157444.17532283146,169727.4249135355
1760,164125.00576053446,172951.70174033687,157183.58679668797
1761,150330.3165170116,139111.25805200744,149760.0593664984
1762,164909.33485675795,167604.73547615035,182052.64330036967
1763,169782.24595819652,169206.19148250655,167589.40383621375
1764,118799.05251342384,113430.90232221456,116321.1293177189
1765,158113.6682509895,176735.61227485223,169423.7725143227
1766,162187.71205088473,166776.18378730095,173292.5146233757
1767,198195.5887456546,211299.25156663836,203753.63671842817
1768,142654.4835979679,145665.4501274801,142125.1030098898
1769,176867.5759635829,182942.51754418737,177101.38228039883
1770,142660.44975901788,141574.1862294081,143132.79246649548
1771,136207.5555680902,130068.66775009171,130135.18283864512
1772,123545.87340976777,124107.33944538992,124021.01942213034
1773,132097.3234046123,127167.14763751824,131498.61699666083
1774,124550.6274745822,133633.7143401227,121719.40714891237
1775,128998.53081909212,133114.70473333186,128595.63882538202
1776,131446.61113149117,143156.25055467218,119748.39019565789
1777,110771.79120634105,111484.58086913338,109901.92618815103
1778,132524.59464500938,126630.827236132,129166.9807104559
1779,126171.91493236457,117710.5508237006,127063.53175192456
1780,185112.23283940926,173373.88441896494,189514.0519071345
1781,138005.25423369696,137443.95531739335,133108.0059820583
1782,91723.35529622446,83232.11920559645,87875.36669850584
1783,130110.55368344826,133831.3477159098,135335.71266798413
1784,96066.61964656987,95608.90184853689,102859.92069201045
1785,110810.049486435,122392.72666062776,109883.43396089508
1786,121520.63205570937,113989.0299578688,131745.85990330973
1787,157516.33625227446,183146.05244840737,173193.15707341064
1788,48263.610699068704,50558.69806640647,51009.475383639845
1789,101448.66705712824,96803.72422708976,110073.85630572456
1790,75837.47908833339,77220.77205820302,77129.60747510278
1791,174989.7214593932,172310.30757084978,181990.01842344526
1792,146774.2127673896,161109.04681737325,149993.48510024179
1793,136309.50974769436,133177.05139452638,142476.4630342347
1794,146497.22181770098,146131.48443980995,146893.7953055971
1795,135026.9056469529,143961.51489133103,134421.70215226727
1796,134673.7965847745,135049.09458251798,131946.81442312905
1797,122941.0682839299,112958.14200910268,128350.44948976749
1798,116186.904499466,125472.54343219634,119100.73435142134
1799,117220.68104080787,117484.29485766696,110248.74716525573
1800,135940.36057424723,139654.58498410013,131032.62901126301
1801,131854.17215931288,119323.76267692805,129427.21755323518
1802,163155.26812680505,128509.23832604916,158285.4143358608
1803,138266.5165103613,147269.1086697939,141771.86826506403
1804,139498.7481081171,144303.6611981941,141434.64136203576
1805,134483.1390409648,133303.8233669121,140775.16686306873
1806,107901.28391859907,113408.002390843,113791.16318923864
1807,132684.95680840328,147591.7903656532,124666.1128249676
1808,124093.58365309982,119381.06891146331,125304.62736518233
1809,121339.9638345354,129768.70877785629,113810.90886779103
1810,145062.6387464554,153603.82944762323,136364.3945011253
1811,113398.03782202755,109524.52853846534,110477.37144417707
1812,103040.12784015115,100229.4229401536,88229.0338369398
1813,122596.36828356041,128417.51554862063,117816.22376206172
1814,91911.97862154267,91450.1378411368,88526.72313708438
1815,51741.318587810725,56182.501709601216,57285.538324704416
1816,101824.48432727922,102604.77937223043,98095.37229224238
1817,106688.4935348893,111526.54969091972,107876.52401009007
1818,129708.36979481229,123229.91840797177,142838.32077205993
1819,119457.40426610211,114491.35574891152,118830.19829091674
1820,59282.03465061609,50308.542825322846,63216.3643262867
1821,108992.11629928196,113116.10663113873,104920.48374210749
1822,151932.36909420413,149504.6092535186,143341.399653469
1823,37303.76724581701,26796.093668798854,47978.02752762675
1824,143253.69291314684,145403.01439999996,139333.9922104882
1825,136470.85244626307,127937.74573662672,151584.87798435774
1826,112374.04854168626,104302.26654111776,111020.50605912738
1827,106857.26867504534,98623.6674136936,105882.0561795329
1828,136354.37237017887,144911.61199075723,142187.19795630284
1829,120005.77433426311,120659.57912993304,120910.0081633985
1830,139171.21145906116,141429.85816533538,133724.51003976463
1831,182673.513679204,173440.48990204852,163128.93568939072
1832,83586.62971248395,99757.58807681064,96780.76360679857
1833,125098.52212756977,142087.4801799091,133964.3751529797
1834,122301.29373373624,113617.14551552596,120438.02904278103
1835,134370.02289312746,152601.9827240215,123328.74316828654
1836,118990.40321706748,128863.53313414614,118761.80601620043
1837,89461.16105965876,78690.98389977825,91007.09650776276
1838,127206.98781675982,120209.36338828994,123906.43947829721
1839,77129.66827510975,82174.82191417713,86423.23923746108
1840,150780.51220398484,121377.88530546492,153594.46658605378
1841,138785.1208241414,142535.65792655808,134096.47916589162
1842,67506.0229068602,73179.26636900376,75781.40878380537
1843,146527.76866001214,131040.13543759364,148916.3006513626
1844,138539.56709954437,150039.0962084286,141965.57493707485
1845,140824.06040874028,126225.42928988684,143879.3699213259
1846,152765.81870241844,147311.2970713724,151407.6028837459
1847,156725.53094771618,151833.5755112224,169552.27070953944
1848,51903.90074924215,55368.73218792212,55069.76407857005
1849,116094.64572756426,113158.91492493852,118303.36188501932
1850,122378.49481182851,117206.30979612538,109750.73363254961
1851,153738.47829466968,148380.54450637393,154944.57351903748
1852,131039.55957136079,125245.09853159833,127698.39126121487
1853,125127.37973143753,115203.9543126573,124354.19265805406
1854,172303.56979558547,163351.69923864142,169616.9506760176
1855,151341.2206165703,139657.9119347138,147704.53158544024
1856,215186.90110470404,208953.30010707356,215946.49424957586
1857,165022.83818543065,171983.67626403944,169137.81336652092
1858,133264.99912620205,120669.98636446918,143588.15679767897
1859,126925.090750014,116724.12854865885,128419.89216063448
1860,145496.87869244898,133936.9054699809,149153.35238195918
1861,126925.090750014,116532.71851822894,127939.51150824706
1862,309290.9711861436,295831.63469878695,333552.00528313866
1863,316296.1833776192,291086.83455777913,324704.14582809096
1864,316296.1833776192,292410.7221749796,324704.14582809096
1865,330482.16272729763,314419.19046012615,327788.05386824306
1866,347343.4030191013,324684.19475646614,348362.0031155288
1867,247432.0915622141,239690.0247646834,244157.9520227271
1868,327611.3454559221,288353.9916441331,303464.72362210247
1869,205119.47067065886,203652.4000354719,205229.19931236783
1870,260010.59325709956,249262.68682410603,230044.94345660013
1871,242461.44449240254,247661.12946113863,243247.12087187485
1872,173718.60456409588,171955.18793370415,166158.32490266688
1873,212052.05624161114,230899.70925210865,219242.90400156565
1874,142864.8030805792,147750.80036977015,158190.8559122374
1875,207938.29769225285,210785.33436935328,212013.03643729034
1876,193747.6520081008,199199.7126594308,195723.7312444893
1877,208620.14092134632,201209.1234555931,216103.07567094805
1878,201642.84634182823,202113.27174784325,204333.01287818447
1879,134367.64998187294,132088.432803551,130790.70777856774
1880,138332.81930660916,140215.18986791937,140469.18243548446
1881,234355.92289907046,247630.22846908163,249925.5125190509
1882,244941.8265953416,241235.45193067729,248992.95834099883
1883,194887.60700493644,206410.5193859388,189344.1058904327
1884,214290.27464068108,211962.36983746768,206203.9128855664
1885,265660.6197091923,247025.00322050008,257291.2815855476
1886,309482.238535763,283788.71310644486,293601.01259584195
1887,200206.86996791707,201421.5082771262,196675.92852651238
1888,300249.15296977316,269388.58264064445,298194.2606048157
1889,167851.0360076115,169298.31894134305,160328.37535452686
1890,141894.8891877212,142265.13075609953,135101.15902074016
1891,144192.21489525714,137444.15460661455,145941.24022012917
1892,106751.5689765398,106855.81209036509,101917.60519957615
1893,132803.95082330465,135975.01258473768,141032.29400358428
1894,120356.55827867372,131838.83486864032,124841.2614054921
1895,149653.53504789493,153104.64962345187,149146.5500190417
1896,132956.50444127878,135633.28053631366,128535.8689779527
1897,115433.66982341345,118364.86219278454,119756.05202332443
1898,107446.26055051122,105435.73992467702,115289.58795174604
1899,152590.99905017848,143433.30711882142,153406.89789794345
1900,147017.52095783665,142894.19396138948,156445.4367978363
1901,196756.73784321107,172428.4072034123,174416.80655163428
1902,138121.01612012926,140801.082492907,145021.3267689436
1903,219642.68660579866,218187.33136901667,236130.37274264335
1904,136989.8698157546,128099.85838614107,132042.75387671907
1905,194124.86133229153,191218.8628115598,193461.06337052968
1906,187530.39907400467,169290.83890857967,169598.27191482525
1907,205397.8406562602,198351.70986652572,205109.30192732048
1908,111196.29863519598,112779.32703256643,113673.4846224398
1909,142598.83927475315,139233.72182461806,139332.02908407105
1910,124985.66109783822,123997.71906331764,123122.72593077298
1911,219964.68686995222,209155.9358505331,222433.49027454178
1912,294334.6984709948,270090.6804527112,312472.5271711507
1913,135050.8122693623,120010.2441475928,136124.79221045645
1914,42255.78649666315,53649.54087927762,50684.36325383694
1915,301564.6594275391,247011.43292719504,304986.91836593294
1916,89819.93779484162,58527.019075313096,74496.4899709149
1917,276826.798574776,263221.6189986924,267568.56857220863
1918,137322.58636356992,132531.97560016232,139162.71197742058
1919,169313.7872750301,176255.5072600164,178690.8243591987
1920,143612.91508520753,127538.92295683036,147348.06925059934
1921,472854.0213384386,398827.4556635229,460227.4288994861
1922,336612.5920327585,319105.17358558695,315238.5290430007
1923,218477.8631078196,198272.63478044976,220254.35852432938
1924,209580.29194326064,205769.1942899758,214260.40970549278
1925,222829.40915937733,207410.33324562752,210450.34908735982
1926,399535.75654026744,392970.3043117987,401218.0413025915
1927,130425.26250977494,136701.26133058209,137446.28611309148
1928,162702.3904239251,160247.54303576093,146132.73962557624
1929,127343.0961031626,123519.22056716013,122774.77466501704
1930,147412.523249496,145424.995481857,148544.79561638893
1931,140606.72608773457,136490.73431568145,149480.63557254354
1932,137275.7328492053,141115.8277188987,140393.83437627595
1933,171835.1178099497,192968.84612091412,175320.21663439836
1934,184523.63845585677,184937.49473370175,185767.35962297558
1935,176435.73819604298,176258.67795970934,176055.3996352657
1936,193477.10211959522,192667.57198573972,187555.32936031435
1937,181714.68973183047,179981.02463097544,187940.17699349046
1938,161044.90693709438,169969.88082424185,157732.90625491014
1939,236362.53266862297,248727.03307627828,250866.83773543636
1940,182532.2297043283,191338.0553071516,176622.2225446756
1941,175081.75741128312,175130.51678647543,171366.87062372547
1942,182742.64372618272,184781.33458933677,178525.35724034713
1943,183752.21568616224,192859.5107173708,191771.8050999972
1944,309144.1803968043,332146.1877677274,316460.9392665595
1945,362571.57026432385,368139.88632918487,359796.0692934003
1946,129662.39478132279,144969.73839323525,127161.40881860102
1947,314537.69746183156,318238.8261479093,311385.0803195787
1948,163948.67142201628,175069.783250127,159066.30224921345
1949,226377.78351396852,218645.71784899637,228829.8415708653
1950,177562.56859386037,180787.82897997883,179186.2566890341
1951,236542.72721339107,251366.83708681457,230609.65095380315
1952,201796.3389645802,206783.5379713283,195672.32312047333
1953,162403.44235342555,163071.2638920142,162111.7659024911
1954,212453.7035625132,194750.2822073246,196571.90729864535
1955,133380.60185159222,128237.9313797813,130158.63563187339
1956,282357.40654811903,267895.04526828177,274670.7718918026
1957,149379.81959422593,146883.58567911317,142432.78014033803
1958,323679.5638415187,322587.62940126064,329967.1443059226
1959,132320.07478620321,129596.26485935051,136398.54194321122
1960,123482.62103793577,107992.97434579144,112707.468495873
1961,118785.2703328485,116447.57582264698,116842.4750042757
1962,91693.36735859215,96871.32108567304,94295.14385126252
1963,97893.37466969833,108947.71226089475,105908.08941558514
1964,114386.86010439541,117025.20289403938,107142.09384986733
1965,151860.84392531545,156434.20923739998,141416.45525947228
1966,146767.21322204816,155294.98509428688,145044.68615583648
1967,287052.8218483162,283154.6544992804,282245.8019863337
1968,416153.53936632455,440752.7855215448,404414.6783856732
1969,410447.02643957146,419750.431006831,412164.89425524353
1970,473139.89766562224,438110.03758270416,478081.8145398437
1971,476786.95753418916,405707.412492004,493383.19881140837
1972,373579.4507019971,387302.0002080729,399871.8842624378
1973,284513.5453229623,264661.5819663749,266631.60154236737
1974,308079.83938918816,312075.9029539863,317231.2878000535
1975,388727.45152751607,450701.3897429507,460585.2710832526
1976,272775.9746536943,268765.4279123933,280876.4305242032
1977,374007.4800259627,364660.57141559664,395884.8969949721
1978,370196.18728740624,368555.4632830585,349238.3831148653
1979,328218.9414143892,342100.6717231061,326026.6256353038
1980,193126.07164956784,186183.39204525985,188122.50296737248
1981,354596.50636905746,295246.60273905424,334765.7429481452
1982,226793.97950014242,230841.7365176724,224661.18992441267
1983,203646.2021811308,217237.4365073476,203427.7037018685
1984,168473.2105868501,156818.68512351633,168702.40449838788
1985,208611.8360672579,209778.02718396464,217694.81547658538
1986,200701.04446815755,210873.1121260802,215563.32558807277
1987,170443.5149063253,164922.15312931527,174531.67349851516
1988,174150.3324154254,178122.54521153253,175711.10167870656
1989,188264.27266006207,188335.71462044364,190266.74985423766
1990,222854.32730847457,218995.9910147754,209674.1336532368
1991,267861.2874767552,263628.24682136666,245267.86156634823
1992,215341.66848509718,212083.26543203357,217754.65876479767
1993,171891.6172810423,163311.25695780214,168175.20144329185
1994,246927.50958188061,240424.8071596512,245318.8046038551
1995,181633.2197482733,173363.78979272227,188099.58383938487
1996,241216.44640554403,244789.3182765469,255107.19130064372
1997,325936.31707726285,313053.3205429628,305633.99945258145
1998,374006.0159092868,371088.1575195852,346944.53339542466
1999,247914.47218951755,261951.4332453722,246098.1777136307
2000,307202.31743109657,338848.07640198444,303710.69169615186
2001,259819.14238332945,248369.99639547084,253206.5089509659
2002,231079.4934136595,245214.73417879,243210.87778744404
2003,252336.04245585814,267018.8638855609,264909.34928772354
2004,269749.051491178,289503.3350550187,275290.71495199425
2005,221031.1062317817,205011.4810578575,227998.34937245309
2006,222301.07207182056,233560.4799266215,225148.91117518026
2007,256110.7110734846,244348.1371044034,262430.3602525689
2008,215007.71676917662,215829.09489960043,213901.69238775977
2009,190412.6853432457,191384.31394634396,186930.59892545748
2010,192933.20605580622,188603.59792610604,192059.72735551884
2011,131634.40674002844,131053.92213039192,124606.21241983862
2012,176988.1613173209,171354.07382807648,180289.63285129942
2013,182615.57907792262,184409.1696429313,179799.78450217668
2014,185071.27724183718,185697.40339106176,180435.98895279667
2015,190268.8212292193,191560.302242648,194526.94560800443
2016,192666.3899523501,190151.6233629133,190216.7242914177
2017,184241.79507530393,208201.7647870496,198699.26743426372
2018,123553.9192434505,126172.4074815174,126194.16378074842
2019,134537.18504495954,124187.27767409007,134810.4872442499
2020,110615.16575818861,113557.59539360214,112989.51169371592
2021,111161.5707169873,101560.96466654624,111389.33976251613
2022,190414.44628034558,177610.7603651369,186529.7005823963
2023,136638.94397704885,135450.23646445386,130988.97401811516
2024,241024.81466704,225022.1285911675,238387.87966190322
2025,350613.0383228358,334136.9609514922,348178.55074305163
2026,172375.3615566958,180531.98345965016,175891.05963695006
2027,144907.4079991551,157072.44702514232,147551.17935886796
2028,155538.76640625813,150042.49170447086,157014.39219258266
2029,164075.3306113498,161952.31380283064,168529.15200098907
2030,275575.71683744644,250904.2109165165,279145.43846261385
2031,235051.25521441465,243677.07316021348,233950.27012073793
2032,248646.59510509507,251273.7168668625,248138.2576378403
2033,268166.9380401654,243982.077975578,263483.1685913136
2034,159889.2992901643,155336.30098894725,160960.3097794297
2035,212593.6108987828,213865.75862811555,222811.89025174797
2036,192251.06403006575,188509.6791907138,180561.51882377957
2037,196300.23992074162,195178.5800408432,182215.2770718096
2038,280368.306765885,319903.433405862,278546.169137305
2039,218126.56764863047,216542.83787307944,218507.4515190441
2040,369006.2017117509,325551.2980252164,320954.8907136781
2041,309418.04496110906,292594.12457346154,293280.4960810746
2042,201181.42475807312,202934.2590756965,202514.07725051726
2043,171185.67039167625,173994.52303854594,161904.8149273714
2044,167979.592526642,169480.7280152478,167647.19854237098
2045,208926.22141467023,217134.24927325244,212569.33014216236
2046,131770.40149508437,141216.25153420187,131531.20739737657
2047,146614.5999100334,145646.2809080983,145383.76194394365
2048,137267.05997289356,124355.0555676166,136409.22447936924
2049,126595.01197170294,131731.0072681368,125405.21480849369
2050,181448.0010722388,184651.73607492275,180982.30339799466
2051,112101.7395261678,122783.34136982234,113277.00254747567
2052,126111.30241346202,120133.28677696864,124373.59283603347
2053,145169.506877871,148022.4854573776,147924.79390910402
2054,80422.95643588483,77327.11002804185,90704.33410546117
2055,159107.1673230633,167221.2418232083,156337.066005401
2056,151425.17233924018,146708.33218920804,148915.20654243336
2057,123405.24140770161,121978.00870764586,120532.12685652029
2058,222450.3379141395,232650.38023726887,215323.7154228762
2059,132052.84892641,125442.74890017252,131828.26931744412
2060,167095.51689122166,178289.65259865613,163610.08778592385
2061,192860.3862752623,179598.7409104747,180939.76935843934
2062,132732.31503460437,134769.07509068362,129848.03724498463
2063,115906.82020269845,111332.66800959042,116433.80686532942
2064,137609.5204807912,134486.88094367707,135630.69827332496
2065,121394.35791976203,119599.55061007277,119188.44831949973
2066,177612.05817032958,182397.74164852736,168296.1433892183
2067,114434.59266881787,111333.17458331485,128127.6879932999
2068,122892.33126559386,122443.33706806412,126353.3669853766
2069,91569.30833339793,82510.57773770449,93778.40970852827
2070,112376.72979732478,112303.03779250612,108952.5153683479
2071,84756.19834947406,89507.26261814752,92654.09403166466
2072,128443.52609772114,119946.66364115824,123211.56941472994
2073,145240.08522209173,137536.85314381015,149366.04710599995
2074,191057.05043596047,183796.97066085905,191518.58299216937
2075,146241.89712838075,146070.4471812838,144280.68491308478
2076,120066.80526489667,127100.76325140931,127679.80888913176
2077,146718.25222638575,155438.33299479904,143126.08300104376
2078,124060.1734514967,130939.07236024586,121620.71358877775
2079,132177.83087654275,133268.53336193733,137587.73775759924
2080,116245.18560695088,121687.23986494176,117548.4595157072
2081,120880.9766849694,124530.98428749412,125410.04629144633
2082,124872.80708009291,126968.76738274722,130337.46148693994
2083,136821.07122352312,142924.84594448828,137666.91393846602
2084,107223.76184638661,117977.5445843772,106031.41142720233
2085,116844.33170374343,125748.85476708012,114592.96471770004
2086,137674.632948935,131042.59628911552,141597.7050021762
2087,124582.46342550978,117022.12226643844,122296.6281180106
2088,89097.09077021808,99419.23936918747,90583.03455114862
2089,78818.00646647438,86433.35635587858,75811.97687406527
2090,124515.61517892436,130567.74483975078,127210.39735655708
2091,126973.7465649862,133519.94766994732,116757.56149714552
2092,127343.75899108515,127403.71097734144,126855.57998216835
2093,134314.44008146352,126099.2386703688,128803.46670169094
2094,118986.82609186432,131795.0773887779,107886.55343468407
2095,158670.17949052976,151033.36325331443,150756.05096030442
2096,87586.39900296793,83154.5672914169,81527.95398295225
2097,78999.12500638832,97518.91335059522,86988.95635286547
2098,150937.4292540636,143570.43998480303,144672.04120596082
2099,61131.66961485622,68949.08019909733,57938.138964502345
2100,106773.82734447955,92307.18406753584,117423.11522352655
2101,125358.80766625027,132061.35037390943,116562.15477502538
2102,129204.34755829918,119994.05735607963,134119.21272145913
2103,104626.67912536391,103906.28219538252,104676.2388747384
2104,122214.36526464201,132745.7069462595,133563.1595880191
2105,118845.86464931077,129318.56258843972,120214.3587790564
2106,63946.09924668014,68359.87833114291,70746.64123535395
2107,179530.84763325326,202403.6041787112,205790.66322871705
2108,122844.55539257526,119115.52311811793,115399.77360859771
2109,113288.18309274934,123092.94372191868,105764.76307827205
2110,138262.91813985992,128169.97277629228,137604.26426536735
2111,166693.25090790598,157356.65113469967,162542.73857041242
2112,139644.86002690214,129885.5293309283,148653.13541617995
2113,126671.54360150814,124562.17395493008,125668.97486279112
2114,113700.27290496367,117240.75188468576,121830.01331314439
2115,157051.40569564438,150530.57915495842,164563.2578125306
2116,116819.43257928595,113779.47636994808,118420.99560657114
2117,147875.1482853268,141930.53844529984,152511.05316786747
2118,121464.85344862354,117403.649720604,124903.23700257647
2119,99059.99667867311,110648.22731275084,105013.80082267246
2120,124486.79727988705,118275.72563761284,123017.99013369872
2121,99347.68186406192,101804.94472688805,108653.90320868012
2122,93452.2509780749,107317.2365767233,104327.8729878271
2123,93564.36423601203,88056.28514635404,92159.50638337331
2124,162235.06326298372,173699.2383187957,167427.52106275823
2125,122197.17901805184,115172.45120927012,123740.6218635308
2126,157703.5714841221,158220.7090673567,144159.2720477948
2127,128908.43672429379,141658.63705763876,138206.94729183457
2128,118403.38470891322,120642.71911293291,125787.11839918346
2129,104151.96464430245,108590.64332854238,97742.11275004868
2130,141538.76652967217,142545.73445488335,142292.9160775353
2131,145134.0839973451,131757.42786956226,145357.98284326965
2132,119126.53153909389,124758.14966244924,113042.26005995013
2133,116584.81720523194,122043.55097003886,118971.98523839876
2134,120264.73726186829,119179.09961238106,118668.74790507565
2135,109474.14455056979,105146.29650721634,104301.90106165862
2136,77196.31573057607,72407.04492955246,74805.033720107
2137,106354.04567955217,105512.32969673938,111246.19217762019
2138,142220.66504230892,137213.05992092198,138872.32360657037
2139,148515.69583794434,160174.54274602103,146430.1811768083
2140,139202.55821971362,138407.74316812027,143447.71799391278
2141,147826.19257806044,153433.804085472,157631.9462440488
2142,130522.58272895715,123830.79140097316,127765.29720605849
2143,133778.40366458992,148317.2880817589,130729.06518045125
2144,100427.46637325415,105724.0921660876,108532.15795858041
2145,132402.24642496495,130915.49176702318,141047.61735376198
2146,169352.82985100953,173257.43535079126,166610.08464180326
2147,173508.25339265575,148216.03554886594,159636.25081033458
2148,131519.7226243653,137759.1137073974,138775.48441967287
2149,141950.16346401093,141391.19215980748,145525.30115901033
2150,219731.10164242872,228746.56215033107,220274.31440992848
2151,124582.45053033765,128704.81236359784,110599.15277419292
2152,173476.74350744486,178580.7447994843,157182.04207583703
2153,149969.87921460785,155968.5248277551,153315.2079893812
2154,107700.48242599444,110150.23548494336,105627.34313553016
2155,138042.31977639298,143229.62522908492,138729.7212650932
2156,257747.9654321579,252383.20210106397,249392.00775595015
2157,219462.12783125773,225831.23797041897,227117.8648226123
2158,235103.46586810192,239423.9840713793,231554.11472528861
2159,225591.7024287906,220339.7371041182,214821.23605662378
2160,169676.4003064647,161596.47515822688,170525.6074020369
2161,246541.26463426847,239656.9353650016,252603.55961954643
2162,381023.0350956603,362312.3843431345,359556.43103840965
2163,356293.2914745934,340027.18255106016,358224.81990592583
2164,248817.549349324,253322.05784082357,261523.52246614324
2165,175637.9397689559,190900.1035899945,186443.7810455651
2166,152243.2092019208,150564.16871924335,157372.17515408114
2167,208195.44894330314,201389.52011886297,215103.6755324542
2168,208369.14338326588,212693.07072037776,201903.76062232198
2169,196890.07951650096,194567.3766840016,198613.38604914225
2170,217132.68083603244,217873.1706746716,220837.704223674
2171,158255.1445610357,166585.6980197488,157399.01846186508
2172,144584.4699109389,137927.3240755971,140050.24645100173
2173,177717.44010736645,191824.58639729227,173383.26448306948
2174,227844.37598546947,222025.41497964415,221036.5066754617
2175,316905.05768311984,311310.4834841849,311517.8384066944
2176,320420.78526508686,310502.53726063314,321381.6554624761
2177,236848.27042452764,243856.8878338267,230244.0347248168
2178,216253.7418816571,219130.4975641861,211148.71170432595
2179,141147.42806939516,141862.8103698598,141256.67521462287
2180,209136.08001689165,211421.187208526,223361.2663674773
2181,189544.13017513097,181122.85150086577,181138.74362913097
2182,235162.34149129444,227202.26325831143,231520.42424743818
2183,189550.71859490775,191865.3960309528,192133.46123371355
2184,132835.3102034316,123371.88202204404,126624.72185622745
2185,134297.83828474671,140091.67854786888,136577.72688946693
2186,141520.88869432668,142475.47579947772,142727.6990728051
2187,150945.64993152264,152131.33801121038,159347.02725573865
2188,162835.02776557143,160783.26873549214,163146.31488381815
2189,244555.5276837411,208478.69283402868,244574.0540275848
2190,91176.8409148162,81416.7633509301,85521.31509781459
2191,94277.39072814633,94971.42274353695,88301.6032886971
2192,89814.47317250111,87287.97087780213,88287.53553988248
2193,97712.79385020336,103568.66763359422,102301.95249952705
2194,106705.58876628272,112261.86316014169,108859.23029259696
2195,110574.46783086556,108639.36505907528,111776.93767985045
2196,112973.89755938509,99116.5700948548,110378.22477834074
2197,108928.59232908173,123436.33581368143,113348.2821568941
2198,161911.2967250558,170305.35863217225,149068.08867023382
2199,172646.0532788152,169450.81518527702,173586.76777387192
2200,136566.80506416125,145405.8295786889,140117.26644202415
2201,135717.8328342009,148004.44848420922,144103.625151684
2202,216588.95404749332,212345.41833404795,200724.9033220313
2203,148747.68884411515,146833.28116097403,130019.8861494962
2204,196036.96791840132,181816.58263684492,193972.00570145532
2205,108686.91662590645,103034.54926006951,112050.06088252162
2206,126071.13599955931,139169.6099136516,128239.9121673683
2207,225142.76730636854,216354.2512259606,217075.718795809
2208,250967.62187142053,242288.05498839,259387.11732938365
2209,211016.19426387525,211492.70734591165,205545.6091533391
2210,119143.88309801675,126581.79939058478,124460.6207721451
2211,111887.82664977298,115085.81386750525,114850.96346092534
2212,105241.14990902523,107421.55844332567,108720.71734302929
2213,103744.12602050393,112227.9391394912,95322.4207321751
2214,138725.87259455258,141033.5020591653,131152.8954064583
2215,108735.1054468181,108700.88847835736,114207.12889156606
2216,139394.05209242427,140119.889490176,142834.82567066717
2217,83477.4570776775,77751.06247078806,79536.52607217483
2218,63739.02283328422,67392.98414229795,75017.21323006939
2219,50675.27031682374,53415.39283739385,66756.88038549788
2220,53553.20361147277,59226.31615520173,62193.28607858737
2221,301938.55967340776,260423.40662066304,312412.61987775675
2222,234897.3697766633,209667.29949159385,255308.14309057724
2223,250675.08265498554,286659.38843430986,255832.22476860613
2224,209089.0315365844,209023.51779386617,208358.24091509578
2225,128268.08994804368,120739.0623693865,132345.7782609725
2226,164981.05876342257,165947.328501109,184623.84143520202
2227,199229.9447005703,198517.4231905864,203442.1635539283
2228,265828.5301055455,269924.8150146448,256578.68971630788
2229,239998.6019350474,233422.0304263303,254617.36413820495
2230,164743.0693541827,167795.72786508128,159402.08481621748
2231,216512.8185153227,207803.66404079224,216010.66926412785
2232,172896.14123825062,188562.6505370896,167467.51607324334
2233,165061.17974670755,160235.71652694975,167284.65642507546
2234,235384.60117179624,223452.57601938493,228933.11183564863
2235,211935.2992523584,215360.43589203476,209837.26858795536
2236,292534.50032466475,263771.3285410769,273914.01965453185
2237,350730.76786016085,350527.60822884896,357854.0360130383
2238,207391.6995579605,202149.0614887429,207892.26850194286
2239,118149.978164917,111578.3576784345,117542.43357689124
2240,162579.78593624386,160957.8750973029,154002.79122071364
2241,149756.67546502018,161774.3506152064,147592.6963020157
2242,131218.80898843016,130822.0384279986,127259.51293330651
2243,134969.61832912,127478.58343241709,130418.14186214215
2244,95801.76765503177,107164.44369810284,107382.61046661518
2245,85651.78358627917,108201.83209051318,99159.5383882516
2246,141861.79038419222,142273.79740551484,144781.43540988027
2247,100527.70230595185,103864.6470680296,108737.46590755743
2248,122637.08483668229,124053.91176976464,124436.87857145084
2249,127516.52444650393,123786.82347174604,124977.81087120684
2250,133371.41399972318,138969.94443617397,137384.31808159608
2251,94008.53798036862,98589.09025804947,107090.95449202278
2252,171033.6625942014,163231.0272661116,176581.33250778497
2253,159506.19516044733,158315.5280382148,155842.59458559097
2254,183566.1311499569,178424.8470454303,179773.34318636733
2255,195611.45333594645,191044.74599607385,199764.18661173378
2256,188417.6230197739,184757.5892700268,188392.77983857837
2257,206669.78332088847,187478.5181344459,204625.42581827598
2258,168458.1310149505,170232.9288552705,161959.08086155273
2259,176612.17733833537,177664.59946403382,172574.99851120595
2260,154486.1919797686,144920.3093431558,164809.3371234042
2261,185560.37735000727,192221.37171675987,180241.19121355313
2262,201552.12245067302,206377.9313511071,195440.76741787247
2263,336672.25838056114,336586.6182287797,344296.7445757797
2264,434305.29568882205,432277.6379486889,445779.38691910746
2265,169808.49535244072,163188.85067057871,169807.66449780902
2266,272285.80072665896,278373.4546742669,274379.74042529
2267,359520.19796978595,366115.5621117807,357725.13799282606
2268,387510.0436252414,413103.00433899,396345.41656519216
2269,144598.18539879032,133280.8637129265,141074.94977214147
2270,180899.02633253334,183414.6171612004,185350.28141238072
2271,216408.2598920891,200913.15187366755,224956.0055246003
2272,194052.14889264706,195126.45093262335,204637.4885599995
2273,166801.04000209147,161199.0522871946,166440.5042246743
2274,179444.4994948291,181196.5358794313,172401.37937567013
2275,160541.08754529306,173423.14692880702,159608.533067389
2276,175597.16131108554,201449.9506720027,177395.05257134748
2277,169801.88024597696,168049.48578805168,176392.34837891482
2278,155044.91682281333,150701.5026601312,149598.46570436293
2279,123230.73938978967,128602.67326708628,122313.04443556575
2280,127554.83324186549,121000.33850399144,122773.32495251329
2281,167918.5480423066,165835.57428451694,168561.2582903222
2282,177343.94731299195,180757.8469826635,183422.95650093906
2283,93912.03767756904,103812.0838356314,102169.20330920804
2284,102471.4450838119,104832.19025234044,105301.56174761473
2285,148107.83596317307,151977.28818743725,141877.8937005791
2286,127769.7781377786,130153.6344209724,123483.27115280327
2287,346881.47711157444,356379.91504328704,344862.4888900578
2288,262182.52355736797,276185.1958997747,262615.06906511943
2289,411882.7863456702,374715.9523823552,401584.79570089304
2290,460072.1975853921,469745.6115997792,463022.0240356047
2291,314926.79665089434,321700.70689135126,308845.60954548616
2292,423734.11839055165,434554.1501006902,435508.0639276331
2293,460428.47426058224,470180.93499208335,444299.2539933811
2294,427409.0870023429,432595.556256344,405072.7007071284
2295,413333.0895456973,424009.8337874517,409284.78846076684
2296,308348.11905019474,282420.0325818171,272953.79306233465
2297,303388.06453512824,289437.1333016231,304615.3516070919
2298,309853.3828377327,269680.3450773034,317379.2745308329
2299,407877.14996199805,377339.5277537777,373711.8832549642
2300,324862.839433431,366985.3887390382,330165.4775446037
2301,271096.68634070165,291756.2971376779,281727.4415694935
2302,241446.70369920356,246928.1553096392,246358.9918290189
2303,245514.2854149376,254401.96918494688,234797.70115922153
2304,237764.42467526344,266337.0982244541,227800.29448754853
2305,179456.38612101023,182202.3670419865,181984.0969771321
2306,180049.9345214219,178731.22256543205,181198.63976715266
2307,186734.755044003,193575.8834105481,188273.13294423482
2308,229183.09385603585,212756.0450682883,225324.88866748335
2309,272239.8201057867,279243.90313998883,275727.70867184724
2310,205147.9884494396,212077.40671313464,204378.35314132145
2311,196371.84344201494,178287.7317630699,194379.7809271567
2312,170602.7935418609,174968.98300227706,164873.6025608162
2313,179429.23807367444,174261.95863297192,175046.8511305876
2314,173050.63027431065,172051.57183351516,168726.89369197687
2315,175131.21956234696,174331.0453440113,174969.83552043536
2316,161106.9890221166,172093.4165755368,174171.83306527423
2317,178390.17261072187,184355.67824625655,171867.6103428862
2318,177065.49570322645,178532.3818700798,177430.7878144053
2319,178008.37545409752,172321.2684355226,175892.5259480395
2320,203206.63161463692,188613.416471532,191779.01158703768
2321,254263.73800405915,243409.03894523447,251090.89854869954
2322,165609.07688343458,164788.2081631469,170825.609224917
2323,183822.0644419687,181429.49800691367,184428.32517178892
2324,171628.73351034196,167772.82249291686,171964.53399196843
2325,197636.90884258054,208737.2895968965,204470.41898272702
2326,167235.6388266548,167117.6232265437,167136.30758460364
2327,217904.3156254457,222029.6707550508,202845.12259818366
2328,232304.40191250242,236798.5843028153,224319.36507733134
2329,186215.53558236154,182701.2440725948,186994.78477058298
2330,181264.8411266701,172434.45262459115,176853.33669596183
2331,368963.841071291,370391.3178905243,376410.925770228
2332,432288.2714198754,374418.8126037122,427732.6320145489
2333,324670.2049715905,328431.42417911574,327311.829585795
2334,264839.6827918536,247817.0482905421,250397.41059467758
2335,237385.1530637826,251268.5493173637,244847.3962339023
2336,343476.88015010464,334511.7715151283,351492.0826034789
2337,222644.4006256063,227311.58977344088,209355.745283257
2338,290391.88157141383,278281.8883204993,282835.66029759904
2339,232007.8015365381,233674.39007106936,230303.99791650695
2340,398052.3555441336,397911.5722379312,404235.941747618
2341,212735.5827296423,217219.49325682895,219943.44681384426
2342,238098.79772966032,227298.88220144907,237449.27089679413
2343,225515.1960884151,217237.31806836624,234816.99487918813
2344,250426.8586254912,237680.81280152025,223682.84915068632
2345,238463.9096913529,259820.7225344788,228236.17006218998
2346,212774.46437956477,218196.0857303989,210351.03945179586
2347,209156.906368478,199895.83025290017,200186.94750371578
2348,237747.14513050826,244914.18490685156,241865.07503693958
2349,154408.29711627832,161767.0732405999,166599.71357867715
2350,273332.6838608586,280860.19730923034,282348.41569829854
2351,238082.88867240582,212975.83245889956,255412.91342234524
2352,255339.7942558912,245437.01375253368,255942.61475958693
2353,225118.83048584603,233477.1025104797,243986.28946540906
2354,121079.18747560345,138248.2195283302,123653.64946111583
2355,142831.5509438271,148034.96538991667,138897.04803502813
2356,153684.52815460306,151149.09828676327,150679.46826962775
2357,202844.2622020312,191311.2797599369,197600.49654194838
2358,192859.34495722252,186467.09196037255,189836.03714819485
2359,130324.16923241515,129911.63386048724,133425.56509429432
2360,119264.93853163927,110774.49237388224,114967.76679015168
2361,135426.91353935888,140030.3750245369,143688.7695124876
2362,251487.75065244417,279508.0412745064,268192.47191106534
2363,137163.99936685027,140467.19337954145,138733.27843195194
2364,165234.26007948435,160805.78636932184,177591.88512507398
2365,213564.0412760545,223815.3983396605,226052.71264142575
2366,195780.32024821613,179711.91567397316,187352.21784284702
2367,228114.66541752097,225545.20916013795,226455.4600580691
2368,210858.1671667227,207052.6559028282,205088.7816131948
2369,222810.09034707607,229019.3911601183,221548.20406329978
2370,171917.0240399081,163085.19499535343,169426.1293989533
2371,162530.48036068986,172040.02717061772,170146.25886243387
2372,186411.5674245025,179880.509419043,184588.27073145888
2373,258837.48404876425,290353.1115637243,252890.60027089063
2374,286529.0118457115,307133.29745029355,296077.14828054333
2375,248432.68711357133,265743.7373891748,252674.1041238501
2376,272138.7106227293,260865.4105292808,275198.45474688034
2377,309689.7460026527,399338.5778372872,321848.784326393
2378,149627.74365208272,151469.94974194793,144373.5334372418
2379,195305.02411756458,191800.03434929057,199500.53296058593
2380,142984.8159225316,145479.0502569434,144988.57162639897
2381,158042.5043185793,167940.61070432805,156974.4904931379
2382,199963.7409598179,212597.34202282372,205916.20575019062
2383,198006.84884837398,186997.4756050408,202115.48079816342
2384,227092.93050915454,239017.42342029628,229498.2043324273
2385,154540.58035405667,161839.21231496386,161179.07697554605
2386,138540.35475545423,127091.33765030756,139716.1705441267
2387,142416.06275016547,145788.03035045788,138455.0957346773
2388,106602.08560394858,106174.52239010928,105110.02424261718
2389,129130.74041678583,130088.6932067554,124572.6018252333
2390,151172.97694140155,153536.98959462356,147917.5342058574
2391,129839.44202082443,130068.0821756676,143518.98628817685
2392,111985.0383346054,115600.7625907186,114552.51891564907
2393,165261.06672635357,164790.33715207325,165623.26072080695
2394,139575.7879509255,145459.6930274309,139675.05627428732
2395,203591.15051010487,196410.46414252056,205095.82741442646
2396,138508.26839175058,146285.8718938886,146619.21721198742
2397,203671.3548579401,206633.0923920403,194404.61220286172
2398,122533.9088292054,125413.30070958578,128576.69340122014
2399,53434.83067679171,56547.35881678629,50899.01930883703
2400,48691.10069134043,51823.41081810497,48857.85565952142
2401,113373.03478666907,108365.7382089167,118599.89597207034
2402,138051.83750228348,140824.70521626738,135846.03195170546
2403,125614.66012751854,130078.01004127807,129293.44323955344
2404,154810.24450757483,159859.0959939799,156426.0305166535
2405,155498.07990280158,168349.24548310472,157823.8540021943
2406,137159.9250490349,141472.249521331,139543.85800122112
2407,126334.14829567504,131944.78913979317,123042.55016718486
2408,143115.50392948583,138294.46341015218,144606.25592694085
2409,124886.57367227667,123150.89956591606,123419.99350707175
2410,170226.518543861,161476.87322078552,175530.52371839184
2411,120071.77429592014,120633.41222584476,119271.75301481594
2412,153834.41804055826,162131.17803979054,158108.29406845954
2413,134302.7815882662,128105.21848934278,126198.52416131235
2414,139496.92591773826,148984.65233093643,137221.909055161
2415,125472.12533559228,120416.13823264494,124719.78854611362
2416,132117.62594476182,138024.8188196403,130937.32829838264
2417,127981.35556210298,129914.5754525501,129498.79307325104
2418,126090.6560332582,118923.50004841652,124663.89880811622
2419,124483.46182664481,115936.55848966936,116709.22042579029
2420,121751.93151453226,127449.09121067502,124560.54372642508
2421,145050.09502621862,148915.4497833254,146713.3231649426
2422,124788.63801896185,119765.41160171032,126646.80174904065
2423,126701.0644286662,126709.32729173616,116461.4856445997
2424,154915.51902930802,152779.4732925098,154921.974744857
2425,180426.9059081378,169850.00557576056,185251.8458652609
2426,124107.02327855161,127352.5700323268,130863.74524724294
2427,133690.255183469,138711.212392088,127416.21186631898
2428,175523.3559779926,166245.2509607664,174740.3769618492
2429,117319.33874727345,107116.50988923394,119628.78522416216
2430,131555.57042053746,124945.17794382136,133618.0806071365
2431,104118.13006723348,110464.08737701658,103357.38111361356
2432,136063.50497894618,138664.98350020105,137966.5673009271
2433,139153.6824313636,145050.35376342505,137074.88621345285
2434,136413.48676525592,139603.52789519067,136986.15694287996
2435,135046.5666958756,150282.31861327,146094.48097223457
2436,113073.93752308477,109154.47211006728,118288.90899940582
2437,106357.48925873812,102259.79935744197,100933.57997803838
2438,125434.81633995316,126093.47616281811,127830.64821765473
2439,113459.99991261844,109033.4709912809,113151.16914717662
2440,125189.82532949143,126150.36481761617,120169.16857861669
2441,96753.8844356171,92682.79509725748,99062.07572052366
2442,88482.70223657598,91814.60621279654,96844.69067341526
2443,119434.63233623825,127667.46599408392,119277.3156247807
2444,125522.31731582517,115619.230412926,127612.60420735383
2445,79643.72580368159,81099.25062773518,80345.63250411753
2446,115162.01168465878,121259.53083519462,124032.42841966501
2447,183032.54177391774,208224.8571182876,171669.0959650592
2448,136470.79483780832,129810.97248060592,136814.38312498303
2449,105660.19021164371,102598.97810995478,108034.1849210277
2450,144680.44371865215,146194.56107521153,138751.64228671885
2451,126513.70558660945,117006.92854820372,128825.39770154771
2452,192136.36274548966,225563.8389324872,201467.38409136393
2453,104754.96270538379,99957.82589694348,100146.52883197993
2454,136377.08811422277,136608.50944729574,136395.50722275962
2455,112948.84379058241,116541.6302797136,125219.71751470282
2456,141533.7201217861,136935.25457213607,134275.96358381066
2457,125682.42858997917,128014.46333026266,126397.4704355503
2458,118872.14354766977,113315.00756412184,114309.68476326152
2459,102624.05157375845,110389.07664273727,105036.02058527812
2460,121476.88869862654,124786.98080433677,127072.78306375822
2461,119928.91958548523,122605.44986560794,120957.5102514663
2462,138837.15372680995,131449.36107565244,137317.6882875604
2463,123744.47624283857,126858.15492133156,118355.46970980793
2464,149589.87095845223,151981.3073434629,159082.3605214245
2465,135726.6247348118,139026.45969182262,139305.5252591518
2466,101696.34721386497,112746.174267465,112753.04156866905
2467,145158.91926223788,141560.46438319946,138962.42802561494
2468,77567.60499485263,75058.08116564094,74818.34477786552
2469,63622.531198135905,69768.81067192178,66215.5316831835
2470,190789.34800446004,163011.8636605176,187859.47911625562
2471,208623.4395005621,199340.3391027164,199341.57968280002
2472,147906.00622136236,141340.8474695315,157445.47127647296
2473,118397.54844361877,126108.97746496652,117129.40406818263
2474,94607.12634093735,73152.52221118899,91303.65178838743
2475,247412.008299166,235061.66091601035,224449.33265312132
2476,110154.37645238455,122962.02395735646,108357.91723120856
2477,129425.25787120848,130861.57440447442,130456.0656867042
2478,151883.4282830273,150235.1575588644,144665.05024833285
2479,110926.72918133636,97889.35557968156,99564.8959072438
2480,141738.45477463884,137988.77861575843,140392.1342460178
2481,120614.80674419976,117220.80091319833,123868.29285139663
2482,134916.8254979672,120245.39841805244,136374.66815115596
2483,118627.25915196363,110692.17111137835,118002.13824642326
2484,118880.87793872689,122736.90870111328,120671.10914221281
2485,125387.1002583929,110771.44469067642,126221.05450959138
2486,146775.00068803306,154147.87860709315,143991.9329349064
2487,220502.02750544137,192145.47018793784,186268.5495220586
2488,162963.4103996926,165699.0657517168,159633.2388469091
2489,153478.6847703505,157200.0100185851,156492.57528010404
2490,147984.4652839823,150771.94469907563,144013.36756704006
2491,92738.23003033944,89183.90810622208,94285.89133998756
2492,180813.11291960246,190798.0748526574,178126.9962071449
2493,156930.09287564893,147068.43782545524,153014.04928727218
2494,169122.9706587896,158580.078906417,154314.94485511488
2495,91910.83640817975,94275.51575674304,96512.96137744565
2496,262863.38791398,262577.42740550067,261396.53705864647
2497,141705.72366812953,148412.09557600765,146874.86610062936
2498,111702.95460890078,104651.36436892874,108302.6438506348
2499,105092.79509734406,103441.50216068632,98860.54734290324
2500,126291.71165358991,119059.03419291283,126096.40010283238
2501,131305.5186464993,143739.4308049749,128681.76261789544
2502,144205.4999676632,149850.08121197252,154405.94931487495
2503,90193.2583244495,97777.98834037036,90880.79792649795
2504,181913.09285349888,167222.9988466376,173916.80261695827
2505,230459.02271045497,243462.3419605936,224715.73356045547
2506,253099.08762013604,265922.6673773704,260071.06451850897
2507,287821.0369954645,318617.9103402149,263759.4406566035
2508,254791.73939628978,263450.2680746339,263371.2790138924
2509,212473.8485930298,214508.096145999,217241.0076650379
2510,234854.5189382861,222335.3559930537,231491.79751515904
2511,185108.26797896108,180668.521986024,180940.00541715664
2512,207434.02595622512,209043.8784747297,205014.35850345186
2513,209293.26885345744,229203.6799302679,209017.01296791827
2514,235388.63005498756,247622.3309317793,244395.37914527478
2515,147016.35189685732,151132.86737029618,150376.06332060567
2516,166450.09800707095,170248.0948180928,169235.7765186444
2517,139087.9980198045,139219.2370765428,147568.78479997316
2518,143885.5449740851,149373.02428160142,144176.04848574448
2519,224602.72474655125,223609.8505669643,223162.32221092275
2520,206434.5777073209,214418.0236767337,215781.54477370725
2521,186889.75716007414,187610.04762338736,185002.55904261532
2522,220670.69025063113,227987.90196708607,220047.3909256823
2523,136009.8176057565,131438.36343298244,131873.19754548545
2524,131637.11805828763,138813.66408231208,133489.9031359714
2525,145894.28098233673,148620.19666444446,155292.75422071677
2526,129985.60058184888,134841.71402574194,127781.50932323573
2527,117065.18099353484,93972.90905613302,118245.74067282259
2528,133056.35491423795,133751.39846671533,132709.5354419946
2529,132855.0849310625,132564.2682241242,132725.89403862206
2530,129225.05616014152,122727.59568861996,132200.8297454561
2531,251903.1370002562,238755.74412151225,260075.31396413167
2532,229880.9995004234,231985.9677547842,228408.74810071383
2533,198141.53603695217,208731.8411504647,196304.3717034821
2534,225673.17152363434,216493.26439017488,239911.99443942896
2535,334886.88459804514,322543.36573402747,309483.4233844269
2536,249375.8499654556,245888.1967183807,261987.1588337735
2537,215361.71335718923,197814.80562869165,223461.44849330475
2538,181164.93231554521,175694.15141163024,184899.92777074527
2539,192598.6484142616,188966.7022010108,192012.19395131542
2540,164524.3974103381,172728.82371902585,173074.8628001403
2541,185284.38402559745,176215.37955019705,185647.86254314682
2542,164061.3043791452,164904.93042331934,164723.53480198167
2543,125470.84588945206,133117.4398263698,131970.02726752756
2544,124509.94575868107,125099.1136391457,116678.40122718454
2545,133922.45820459857,124787.78796385828,139277.23893080215
2546,142267.1170191828,147266.63275269614,141023.28088682395
2547,135094.75339677875,144926.76023809228,138963.82518238566
2548,158549.79375374192,143265.00553752077,164650.35273672306
2549,169340.66166444926,163071.11897492153,159618.1307250024
2550,219893.04328327317,213359.90457403712,238453.04269580456
2551,144531.92626544336,141701.80116904504,146659.7442562984
2552,118967.44509186025,121676.95762610424,120206.893127919
2553,79013.01722981573,78038.43531911907,82261.66325261812
2554,98810.65300728292,102820.4159728612,96048.50382534525
2555,115659.32180408691,116030.58158097263,118807.77964287375
2556,105344.38372017044,106318.73721369724,98661.5384960254
2557,113706.45540619007,117722.88928702413,108961.61670057171
2558,158937.25010983352,154855.12977322395,152574.73373362477
2559,128509.98966454163,135346.32898226377,122623.92617059963
2560,137852.96710090825,143967.17155152938,148042.72558222458
2561,136513.730558339,143565.01040885595,141980.60593802467
2562,141049.73707867455,133553.96773304648,133010.12504816474
2563,147938.31207451518,137567.31661616112,151580.984227092
2564,181742.10906213152,176862.0673062922,191807.2915613236
2565,144278.3262403979,143826.0975414357,146686.35729791736
2566,161432.46670421987,150658.00423044595,151217.45987116612
2567,111493.52878209644,131394.2543582839,122231.70613461714
2568,208771.31664981935,207159.9346253028,187317.79455304134
2569,196262.3511918266,205694.50360372025,201603.8110792713
2570,119925.21169004617,126630.67686249064,124104.28259163725
2571,144373.83912784464,164439.53916467843,159715.51353790954
2572,156819.98778103665,157671.87549044928,156952.18507412742
2573,231133.92498672777,231631.56747505107,234002.08764131734
2574,287903.13731237315,309917.43524876965,280820.1458103347
2575,134293.16189760572,141502.15517979203,135873.52562020815
2576,129845.74414052864,124841.65524428636,120638.70156643212
2577,147264.02147158224,153164.03864176097,150267.15005174934
2578,84712.72098668822,80557.24371315316,88880.05859518392
2579,68784.41486527922,74768.60739846424,74531.00414581879
2580,115707.09514000292,120169.4128113691,109356.27015552233
2581,118037.39738405352,113466.47643662436,106695.80196662372
2582,97564.72783815245,102275.906427677,102146.96145978157
2583,262663.6617718045,235542.7678282208,258213.0528588313
2584,159481.10232299182,172886.5722191535,167823.43777304876
2585,174895.44675415434,172610.53834525647,180777.04078781727
2586,200826.20667165224,199156.63478587288,206524.13376566969
2587,192547.7118643279,190076.82699110763,203379.04245585875
2588,151333.8148948601,168657.1899909482,142766.75023709674
2589,136168.93395853942,147380.18359652604,147595.8826393962
2590,210047.4026242106,203472.00870437248,217079.06297646713
2591,219266.28783060733,227518.1136446066,218400.95865948105
2592,211629.3774298145,201624.3707538889,204381.3093847253
2593,249826.68441526973,235850.43902820052,256742.02929161873
2594,178734.41563312712,189549.24609612732,180488.63583771785
2595,195956.1366841224,204393.6568998262,195491.48050160662
2596,330652.7671278686,326103.782911316,325856.14092830004
2597,182379.9876416955,206314.2098791377,180565.1428995279
2598,252892.47393540965,248861.50255529195,267269.23535644275
2599,300595.28335309465,296859.48121395643,307506.847774723
2600,173334.96530773304,168895.572018508,176737.14002496406
2601,138576.34429217156,137816.99821006283,137069.30067059895
2602,80178.30836428728,82074.3333881122,77547.09541816534
2603,82703.82965677444,102809.45265778432,90382.5567541252
2604,74991.87079939159,92906.22978038226,82572.35112436597
2605,69990.07373867184,68913.01068974177,70978.39891916493
2606,139674.35672814446,148012.86967069047,148400.6006852687
2607,171892.77975159234,181195.34933289225,181866.25401067786
2608,221221.7590715552,230896.2992170225,227663.5188722169
2609,155858.31698685075,164227.29620613653,160494.5335911678
2610,113670.72571698464,112077.34417246775,113141.18731134063
2611,145002.55173339832,125753.5649635425,135997.44357831587
2612,151296.61429876226,149274.3462388443,152088.9062219831
2613,124969.27438180475,127975.93395090768,133985.467679708
2614,125895.72494449538,126436.04237384012,125152.42357565313
2615,148362.6124863463,157824.85558607953,145135.57678282284
2616,137712.96017509754,145452.6844143133,144697.66395927613
2617,159196.36987415698,150209.8901775886,177117.44218514947
2618,187823.25813945688,173837.42600220532,184948.84004104586
2619,205295.03333512842,185079.85285702345,198445.85119780313
2620,186587.69035106394,180385.2183385546,191873.55430913693
2621,181244.2343766414,184582.7136811432,178437.59191097855
2622,187268.23012926147,186815.17954324812,188530.3375686618
2623,239315.84484833042,229855.30678696727,240081.62190448074
2624,269637.04464103497,281891.7850781559,279599.254892922
2625,309387.98255771096,324817.3506429669,265371.4223578001
2626,166898.91977748333,176423.79139743696,171764.76983634793
2627,175775.61458865704,179245.883317346,172162.45282482458
2628,426823.7799658919,453010.3223628503,458473.7038484049
2629,547436.7320230547,480143.6268908504,472225.32437771844
2630,369739.38001492637,343289.8139398223,350936.8640796941
2631,448936.8850645806,434915.3182772231,446077.58694005996
2632,409790.63074412756,431655.6798467306,431724.8194491639
2633,308289.4633499008,308043.38242362463,308266.43929649994
2634,391313.22855944396,394230.9695101856,380429.9001844479
2635,154964.5866908284,160357.50000325282,161521.91957825748
2636,174426.75826752,173994.99104850582,182098.5260217927
2637,164357.04892390277,178342.33294695878,163683.87295184247
2638,268069.80335549236,248672.11082688443,260394.40345008
2639,189587.8274714973,180148.3734132486,183679.24234993223
2640,152473.31113144383,153958.8298489808,151818.73212030187
2641,99843.30195732783,106666.93971033896,101960.77838722261
2642,190541.63550010623,192789.3227717424,193377.41339957307
2643,104307.49569269977,112158.62831342108,101697.65847220758
2644,134963.0433303846,131332.03928915138,130405.80266947695
2645,101711.69306544706,106646.99886891794,104523.17941094798
2646,95880.14114916913,101403.51908426818,93677.95738721022
2647,102511.64162425857,105935.6541711993,102461.76037682572
2648,135450.9456911845,139519.1901996599,139867.98561418426
2649,153263.7188700838,160664.6983140969,151895.0605550688
2650,147898.735582266,154369.07518400607,134581.2962211962
2651,146559.72257989223,147633.3093452864,138320.30757638777
2652,409574.00008811813,404631.6546716759,404340.4558262518
2653,243896.52360826632,233342.19886859844,246336.79276521987
2654,224520.86872858214,250822.516408194,217500.5106152356
2655,374041.64720414544,423186.7443027045,369028.5265997872
2656,340857.4373714204,306352.07983489975,332264.7292389158
2657,340613.08342454326,312562.66366910347,327468.21773660235
2658,261773.12800765282,281730.6940165868,274103.27529243496
2659,314156.42297621095,302676.7713686118,296809.8344441137
2660,339281.92476540303,327541.3732466807,327995.05270189355
2661,349615.8459589778,317450.6873623774,343885.7841455674
2662,352066.38090665475,320263.6591193415,357305.9589900468
2663,272315.3673228131,310540.9538378561,306386.6260512541
2664,260621.04341947866,261289.7750874461,259979.17829090368
2665,337135.1546986009,325497.5803321731,323080.0780516065
2666,272609.07185680454,293553.0330737932,285903.0693272378
2667,167801.08654822802,166095.7879928561,162898.04938963483
2668,181969.34273278026,177699.16551983726,180003.20931880453
2669,168561.93149394164,173024.47092855096,163488.02075722406
2670,287750.41940246476,272864.146133653,281842.5234405604
2671,183949.7001254181,178754.2354115739,181663.009868169
2672,193750.4533245442,179774.3732973039,193869.75686995173
2673,218008.1548104714,208857.51282464847,215310.61233516343
2674,205010.75905585595,204828.62823205668,207827.87350362
2675,164555.84736035322,165798.68271011277,162126.84764960487
2676,181906.09003636747,181425.4413705332,189120.53144405253
2677,194205.65492656332,187431.1121234804,203503.76310431934
2678,255439.84962024246,241837.69837064765,237459.4431980384
2679,290365.92153651523,286460.19993399334,277565.28346845275
2680,280511.38612334646,295440.7275184603,284324.4523030591
2681,438833.41021223954,387304.9492051352,425924.3662422238
2682,358377.58471136814,355579.10915793444,347993.7846490097
2683,513396.461652145,416760.5388544454,482484.1302100281
2684,311186.7330442222,330298.5248228863,312046.70528333465
2685,379558.5881453985,348793.6483953475,340617.39623860497
2686,253829.4819401542,265554.471900076,263073.18020843435
2687,331656.32821678073,343444.50134684885,346370.2912395627
2688,222429.7158237723,216358.1322417584,212239.7200782484
2689,206958.77920649483,213957.95894668,201853.24368329882
2690,521806.7526192695,451174.8778654811,446266.9677516105
2691,188741.2159330001,191669.78973888693,183801.9005026135
2692,123232.09748453539,122925.5993892156,121057.39168325957
2693,191034.61970367833,192020.4008263636,184506.4956935376
2694,116083.98727384157,129232.66432513107,114364.48022850441
2695,196143.72029897253,183612.09428247495,191515.2675011549
2696,187784.6602007088,178628.5496438822,187863.71766517413
2697,190616.23590671184,186964.4743574408,192356.08482796128
2698,192492.67596584323,205064.516344131,189684.45970515834
2699,174337.6249233594,179610.9759809916,165705.09527487727
2700,161039.78447154313,163874.51068668714,158109.18140257572
2701,156764.5063293757,155938.06269782258,155791.15993097183
2702,116835.10498119102,111869.66803282932,113559.31809390715
2703,155412.09457904045,135350.83861277037,143315.06992838607
2704,153309.02653904224,143605.92192263904,149152.01229290996
2705,125011.53964719748,125630.14613862228,121023.61188424448
2706,121800.980947757,116561.93604803937,119840.38692661753
2707,126766.93374095221,123298.40304586118,126658.89541858966
2708,135770.01524041584,131473.72883881177,132966.31477489884
2709,109759.8934232009,113362.03601695996,107942.07950223643
2710,129732.47253390864,119910.0347273427,130952.80300179675
2711,255819.70597171388,335249.8753349571,262852.08580971666
2712,405653.6856613598,386552.16743734776,387041.40992930374
2713,175211.3479488466,173545.33774961246,177904.0581448719
2714,148907.03635233358,148558.50258387346,150075.52001920866
2715,162574.26706950818,173352.80317574393,171351.97562199464
2716,158130.28646785856,156899.96033998378,149126.26346000243
2717,184803.47362505205,175314.9704071092,181422.63618303355
2718,233799.2373124822,228543.7628448492,238167.50611623542
2719,162418.6800284032,156505.62539055294,159185.60899995314
2720,170441.48035211794,179712.52339563274,166632.78502795377
2721,140005.90829890885,140307.7418894463,139321.25619756037
2722,158021.78942205186,168551.91485610063,157903.90214228292
2723,154096.77999197989,144540.45845491375,157172.38007280574
2724,127790.9757254421,126912.92889951248,131348.34669904705
2725,135509.71039045852,129455.1746591731,135059.06899449253
2726,140977.2734233767,137983.61571862,142078.00990843412
2727,181371.27776838723,179954.98054143152,189366.63811765064
2728,171803.9505707918,173905.11335673623,174571.49477448003
2729,156976.5700935964,160028.08956645004,153976.6157766865
2730,139139.76742685438,146932.4070172824,142869.6610516529
2731,120719.9990298177,127687.85904581772,121101.3627668089
2732,116953.10872319958,118495.43009615116,119665.72214273021
2733,164255.593489202,163212.04976652734,163646.1894896748
2734,142800.49217577136,144713.0188467481,146637.67018425063
2735,135319.6735436631,134512.98206793758,134287.84249586184
2736,140214.88853004455,140812.82366735896,142584.97847336027
2737,123448.70337630936,128730.77597279618,120654.39785457622
2738,124656.23762046802,130610.37423563573,123309.74585520956
2739,160031.31649346292,169540.97817347498,164922.54770494046
2740,134384.34041169603,148294.05233087318,141242.97236771983
2741,136422.2095441603,143510.83161183682,140641.04456970035
2742,155818.05758368454,155290.44839172717,156450.9877977769
2743,135613.73274340344,154786.8407224197,144018.86891217387
2744,149868.62986030232,155446.36451012112,152716.98317102372
2745,139141.60780760314,136385.85734028998,140823.06568311848
2746,134181.65254969586,132330.92078053273,133152.42316131148
2747,157903.5745255365,140076.93795809607,151494.55234104313
2748,136515.562426196,130279.65056121263,133600.00976718141
2749,126788.96636273536,135804.41043933152,125882.78849806824
2750,130964.34268063033,126085.06341645416,131595.55509166606
2751,128349.62906578903,129152.911568104,133268.98263017117
2752,205952.6614641267,227336.8459665429,195979.13784399338
2753,159021.62229236405,163830.136908289,152934.85679592873
2754,200374.43110009242,184537.59784892935,216343.8906731809
2755,122385.84499401666,135775.79058559443,124265.77826743251
2756,86346.73722839626,89267.07622859413,87911.69073358823
2757,56996.55407810022,70482.96703807137,67448.81348548317
2758,85506.72150422851,72561.1514373176,81609.88465036204
2759,153934.4716317209,162014.64708644495,157822.10746170336
2760,111436.28598110356,110233.82877931897,112743.64248348336
2761,145164.2766227345,148288.81544755955,146844.82142060302
2762,147351.1067252327,144300.73862829356,146341.94556075588
2763,205124.10536287166,198969.63436768355,203899.2196847373
2764,160727.35575612713,155300.40797025978,162741.1459255495
2765,278663.070744266,279195.62889652135,284058.1334214824
2766,133060.56841372827,134137.95359966144,130076.08619206719
2767,95034.96504040538,91971.61683380144,90382.62699663274
2768,118034.25673840458,125224.75985762624,121788.33314291922
2769,125498.54512678545,124849.9803428002,125576.98281478789
2770,146636.79978070094,148300.80823693372,151403.84249168608
2771,117225.69392854568,117938.64462570052,116846.61370692695
2772,118045.54779526051,109637.53278222428,118466.50487507907
2773,142360.8747633925,148766.81301886594,150791.27602737895
2774,135189.46804835994,140124.31068648255,132536.88895212562
2775,124097.41045262358,123578.35188439333,119196.60674281245
2776,137976.49600257224,134057.06284545278,134349.80691751934
2777,130888.92664069292,147159.33109284265,147921.12470117325
2778,107575.04111263319,121473.60070404354,107498.94661765645
2779,112420.07494412288,119187.5764767352,115909.43648371533
2780,99109.10042512936,89076.44386334234,100358.44933097974
2781,91283.92606307578,98701.36836045078,96346.07017289624
2782,96158.89325377892,101494.10788352328,95833.64013406797
2783,92378.45163846717,115827.41538342462,87023.57556137526
2784,131359.0909503602,124404.57612962765,123415.0097615191
2785,126311.81256814672,127683.1961703868,131479.33338091103
2786,59804.22956949764,77806.18818871962,71377.96323980833
2787,118280.54235261284,123997.74024804814,117451.24090229483
2788,72940.23753310081,70206.08892452488,75439.93426845387
2789,167628.57163095815,178703.69380208885,168255.50489656956
2790,92979.48114725635,91038.80599300898,90566.76071849072
2791,120089.42456831245,112703.10643330555,114732.83963308722
2792,40095.05105601294,45540.03122773939,52414.1804774368
2793,183819.32055094955,170337.61802473693,186299.02982022383
2794,101728.14380519449,104216.12792379037,91483.68411477531
2795,117381.47014860765,123255.49024078665,115359.9221564904
2796,100606.4150234941,113661.71179985772,105652.77614188298
2797,161935.2749379482,152502.27907100343,160613.72263297756
2798,106803.31367901016,109112.93477415292,106939.87572214946
2799,122111.01500667458,123784.8308763852,120966.30838325807
2800,78581.62857771986,72530.0876739426,70791.41767308571
2801,110384.59136811325,113986.28364700574,110994.69278580339
2802,138710.54583619663,135577.89281603048,135273.52996264497
2803,152274.2571135278,142864.00028248297,152708.22298886537
2804,152171.13581489676,137442.8423464002,147034.14805573353
2805,103459.6981023248,98297.30257566134,108456.49766481556
2806,69586.54966216681,78852.89930162903,79422.17285717388
2807,147421.99034233156,141816.48407160625,149703.42094039882
2808,150518.0827947641,151495.83905563154,152330.20192045253
2809,126815.15258378135,135688.84057889812,130907.04266986797
2810,136719.08997038082,129805.40632910102,138711.64404431393
2811,147322.30013568746,152949.23608881317,145550.49973737463
2812,141707.07225721332,153977.5385988751,146614.48740091026
2813,143764.1767883095,156504.43646413737,144678.07651262137
2814,158247.1261877817,165688.9298564387,154960.6541204442
2815,99565.99234056847,97287.80417251638,100961.5905569709
2816,242514.09704054482,267075.541547855,251563.9282571074
2817,151310.73999224586,146392.77416609714,147661.74960425583
2818,126468.9248639752,133125.03869338552,128133.38310458935
2819,160561.66025449338,170939.51774097572,157650.74428284634
2820,136186.20464402865,148157.8860613395,143123.34353880433
2821,102041.43976351121,107373.91343926222,108927.49768678422
2822,190108.53985499142,190235.28156859343,193236.77747845315
2823,250870.2786711808,268300.1255208536,275006.16171259177
2824,166076.02608786972,167010.74101258037,171416.93773311444
2825,169744.49414101793,160654.9560006827,163788.6129143225
2826,119392.95288538518,122236.25410529572,121883.88300678543
2827,136743.3219679276,143569.03519077177,135971.92313552048
2828,194249.27604355622,221864.17296844377,194309.96633404438
2829,179060.81731158603,197187.10868996783,188290.0702726935
2830,224067.90242938313,229415.98592627436,213337.34968283106
2831,192740.62861616485,172880.60076184422,190607.39022137507
2832,249303.34989316738,250281.31004349992,252933.97015867883
2833,275400.15056970355,287614.75898984505,268733.29087898904
2834,205548.69271420027,210085.4220590965,201587.57987623
2835,208420.89466618156,206929.00175613444,213025.52162956545
2836,192997.63653926097,194208.5900983124,196086.1111738749
2837,159599.60770545306,160675.9890613924,172094.39191676088
2838,144532.07975685582,149829.97972607106,154455.80657841638
2839,180913.01850533293,186895.55840409512,176392.29058431013
2840,204465.3400578659,201270.0474320059,204148.63449559434
2841,206071.16739461702,207935.62735542515,206699.9611275134
2842,214890.27426429297,224590.10135135555,231458.36939965986
2843,156036.98719381768,152184.0166545124,148890.83116207883
2844,157913.38498345105,160382.03505147598,160720.75303168726
2845,122737.8567956342,127259.22657898808,125286.67533483339
2846,211730.4402478385,214174.1945360969,212802.76471657775
2847,199156.34149433085,200579.25412851165,198173.81422412666
2848,219256.54825439115,208737.24770078663,212985.93767238443
2849,206646.89650997025,216785.78675778004,197974.12397424827
2850,287124.6052493284,264665.4034543928,280581.0316011163
2851,239719.35511780673,237527.754085952,223088.44631059302
2852,237725.77942726712,222518.50038446777,243160.8761974864
2853,240824.61867780628,239731.1709990436,241429.05895714153
2854,140953.10360894678,142556.99460242564,139728.324545987
2855,205268.57562350616,201150.9690194556,202525.6020478132
2856,205166.31631896694,212117.35725022093,198769.94678918872
2857,188605.7583168562,188014.4553013134,190189.9119719334
2858,207926.1030342892,201236.5110711352,196978.24836861654
2859,123537.86399264204,119806.00314479828,122428.22717057186
2860,124715.2539535877,125939.79555519184,127005.31298576175
2861,129964.47710849126,128811.27896908166,131773.20856070402
2862,191220.15511450064,189500.3564028824,196777.72380231778
2863,121161.95273822287,118610.54272885284,126058.92816361722
2864,251135.06399062942,238062.67837161545,236697.88561594064
2865,145115.91655179032,143913.09551629456,147432.11304141933
2866,136337.8416486778,132422.6175664513,136852.2697080169
2867,83060.66093787728,92976.21748098344,97631.48662884772
2868,95978.6897324605,98155.33476520416,100477.5719495153
2869,105578.23267542727,109821.35390287588,110668.5122288145
2870,143348.61816211964,139341.88755134586,142673.1108392745
2871,103498.10124420606,83276.31664894224,92863.4899685957
2872,47091.938735724165,57893.130607325314,49539.32398063208
2873,105871.7734710832,115639.0045501236,103237.77420818977
2874,132773.0305635325,138993.88938923596,137885.71732652507
2875,113602.94489167542,119776.67990677504,115586.9493877211
2876,161994.35283742208,169079.0322084486,170668.12617309936
2877,133410.6898249924,131717.0310406448,138175.48047044105
2878,180977.86206651194,163929.81598432336,173138.10569390625
2879,144260.8937783966,143859.31650141545,139560.50567811233
2880,97974.16133756023,105151.17921752806,94116.67471640871
2881,159951.24934895325,152733.23614026915,149554.92560383677
2882,173882.61344255597,160140.6303711896,165448.15308150076
2883,177187.34292706262,182596.1977521653,192012.3880275276
2884,205323.49386771853,208720.9522925165,208034.40218146684
2885,198268.23122729512,191158.4751008048,188218.81114916757
2886,220458.64574173704,218564.99338373155,223538.08745199782
2887,97067.32907866828,103601.18359928163,95336.59556050863
2888,132407.19520597885,143761.10589143957,129234.83088152937
2889,62417.91727137308,62610.11211345901,57526.017194884516
2890,78097.35704404798,86459.72320000481,81993.87598450897
2891,120604.51809927404,119344.54690671856,122625.79610999579
2892,39527.162971846956,41239.62930104831,51406.50675229801
2893,79547.962851916,71984.56713583352,76528.9453045915
2894,37135.53672826357,45099.52296954691,42547.69564851266
2895,295179.0082366594,266172.8984124673,281464.80925447005
2896,286857.42303726583,239900.0067116085,287451.864848679
2897,200363.10341158006,193556.8605046799,193670.8640979322
2898,141019.05989966774,149000.39138234238,139044.24872811156
2899,219815.30394793572,213279.28376955865,208428.16163106833
2900,153181.73811865397,157499.41974562776,150970.8365748437
2901,188535.47396275675,190944.95346808623,188080.4304853233
2902,167538.1314065762,169754.8336813662,179136.71472192535
2903,352116.55533886765,380102.400110686,352958.8173979374
2904,371397.35274088767,364188.0417461057,365007.49577811407
2905,100592.45867981466,87695.71170611323,113079.59165293878
2906,209925.4459325593,210723.0613083049,213665.7180468926
2907,113833.13053673413,113285.5714984431,112060.97065159089
2908,131818.80253311404,132432.06932148177,132329.76439918936
2909,137030.14343153342,134696.84041729517,140022.61016978204
2910,81149.23340560983,81657.71453027276,80291.55673926124
2911,80178.30836428728,80216.9876898659,77547.09541816534
2912,139089.08816853806,144079.21423554685,139883.061869715
2913,91313.06165275162,93005.56186171208,89510.99556526619
2914,68558.41032337282,77048.09250685158,71296.3561195858
2915,72134.03981723543,78737.2887956241,78776.31776324636
2916,86127.87962638709,85672.88907836936,84634.45733440659
2917,153190.55711919116,147050.91808152638,174066.93645561018
2918,114923.79073141642,114667.81601482684,114753.40122162954
2919,238335.5240432311,214456.68941071047,234602.636516829
